{"Mean Squared Error": 0.010942367022909487, "R-Squared": 0.9221139768594216}